,country_id,year,export_value
0,4,2021,782.448395
1,4,2022,1102.544617
2,4,2018,689.419286
3,4,2020,583.941457
4,4,2017,484.249819
5,4,2016,424.943029
6,4,2019,657.567317
7,4,2020,527.128022
8,4,2018,780.415406
9,4,2022,1175.962328
10,4,2021,945.190579
11,4,2019,730.699821
12,4,2016,524.757934
13,4,2017,578.748001
14,4,2021,860.588861
15,4,2022,972.299032
16,4,2020,652.440639
17,4,2017,593.212226
18,4,2016,483.767628
19,4,2019,663.353271
20,4,2018,675.217061
21,4,2020,742.790116
22,4,2022,1058.252705
23,4,2021,970.815099
24,4,2018,724.818816
25,4,2019,664.141533
26,4,2016,525.57319
27,4,2017,636.263503
28,5,2020,6782.346714
29,5,2021,7721.680248
30,5,2022,13192.04642
31,5,2017,8938.0
32,5,2016,6127.957512
33,5,2019,9409.714416
34,5,2018,10019.62
35,5,2022,16571.458147
36,5,2021,9550.867813
37,5,2020,4321.48655
38,5,2018,10256.951429
39,5,2019,8512.892068
40,5,2016,7293.838115
41,5,2017,9015.0
42,5,2021,9906.837091
43,5,2020,5135.705636
44,5,2022,15515.983814
45,5,2017,7744.0
46,5,2016,7518.513023
47,5,2019,8335.030308
48,5,2018,9735.428571
49,5,2022,15809.975866
50,5,2020,5685.735271
51,5,2021,11378.880885
52,5,2018,11785.0
53,5,2019,9054.621424
54,5,2016,9085.69135
55,5,2017,9494.0
56,12,2021,15407.0
57,12,2022,19354.0
58,12,2018,14531.0
59,12,2020,13340.0
60,12,2016,12443.0
61,12,2019,14170.0
62,12,2017,12755.0
63,12,2020,14213.0
64,12,2018,15512.0
65,12,2022,25024.0
66,12,2021,19966.0
67,12,2017,15518.0
68,12,2019,16620.0
69,12,2016,15428.0
70,12,2021,22921.0
71,12,2022,22864.0
72,12,2018,15654.0
73,12,2020,14613.0
74,12,2016,15816.0
75,12,2017,15844.0
76,12,2019,17170.0
77,12,2020,12718.0
78,12,2018,16084.0
79,12,2021,19641.0
80,12,2022,21203.0
81,12,2019,17156.0
82,12,2017,14527.0
83,12,2016,14223.0
84,13,2020,553.9
85,13,2022,735.0
86,13,2021,576.6
87,13,2017,445.28634
88,13,2016,382.178341
89,13,2018,594.4
90,13,2019,543.8
91,13,2021,801.7
92,13,2022,1149.6
93,13,2020,562.7
94,13,2019,641.5
95,13,2018,585.6
96,13,2017,548.59623
97,13,2016,439.435272
98,13,2020,725.6
99,13,2021,770.7
100,13,2022,1637.6
101,13,2016,476.763721
102,13,2017,606.7
103,13,2018,590.2
104,13,2019,726.1
105,13,2022,1837.9
106,13,2021,873.5
107,13,2020,702.1
108,13,2019,728.9
109,13,2018,641.9
110,13,2017,644.8
111,13,2016,493.346346
112,15,2022,94911.620583
113,15,2021,77276.049911
114,15,2020,59912.930668
115,15,2016,40597.367565
116,15,2017,56556.638895
117,15,2018,61485.81863
118,15,2019,64236.926984
119,15,2020,59999.519447
120,15,2018,63698.867583
121,15,2021,88934.67888
122,15,2022,112460.83854
123,15,2019,70159.898832
124,15,2017,56140.050547
125,15,2016,45317.750282
126,15,2022,102900.302994
127,15,2021,89870.97382
128,15,2020,60909.37771
129,15,2016,48756.863143
130,15,2017,59670.517701
131,15,2018,64966.12096
132,15,2019,70061.209537
133,15,2020,70001.296529
134,15,2021,88782.794225
135,15,2022,101911.596312
136,15,2019,66546.959253
137,15,2018,66946.716832
138,15,2017,58763.625319
139,15,2016,57832.523543
140,16,2020,43119.46942
141,16,2021,49059.77813
142,16,2018,48225.76996
143,16,2022,54688.8981
144,16,2016,37047.27375
145,16,2017,39621.24517
146,16,2019,46172.41877
147,16,2022,54206.82344
148,16,2018,46592.17616
149,16,2021,51333.55295
150,16,2020,36037.83911
151,16,2019,44753.55551
152,16,2017,40720.35264
153,16,2016,39614.31031
154,16,2020,43667.4396
155,16,2021,50389.1078
156,16,2018,44263.12155
157,16,2022,50056.79155
158,16,2016,37498.83592
159,16,2017,42546.14249
160,16,2019,43216.57138
161,16,2018,45733.92694
162,16,2021,52023.71049
163,16,2020,46592.77438
164,16,2022,52694.66705
165,16,2019,44527.28596
166,16,2017,45138.61958
167,16,2016,37929.44527
168,19,2021,4459.574468
169,19,2020,4053.191489
170,19,2022,7415.159574
171,19,2016,2990.0
172,19,2017,3550.0
173,19,2018,4123.404255
174,19,2019,4641.489362
175,19,2022,8634.042553
176,19,2020,2699.468085
177,19,2018,4567.021277
178,19,2021,5052.659574
179,19,2019,4489.893617
180,19,2017,3910.0
181,19,2016,3230.0
182,19,2018,4817.553191
183,19,2020,3753.457447
184,19,2021,6235.37234
185,19,2022,7438.297872
186,19,2016,3170.0
187,19,2017,3310.0
188,19,2019,4497.87234
189,19,2022,6300.0
190,19,2021,6621.808511
191,19,2018,4535.638298
192,19,2020,3559.574468
193,19,2019,4490.425532
194,19,2016,3395.0
195,19,2017,4606.0
196,20,2018,9535.53
197,20,2020,9671.67
198,20,2022,13907.12
199,20,2021,9704.9
200,20,2017,9095.55
201,20,2016,8871.27
202,20,2019,10403.15
203,20,2021,9819.96
204,20,2022,13476.99
205,20,2020,4700.26
206,20,2018,9216.62
207,20,2019,9632.02
208,20,2016,9302.01
209,20,2017,8839.3
210,20,2018,9940.6
211,20,2020,9896.84
212,20,2021,11021.95
213,20,2022,12496.88
214,20,2017,8662.73
215,20,2016,8078.82
216,20,2019,9648.02
217,20,2022,14814.37
218,20,2021,13676.6
219,20,2020,9336.61
220,20,2018,10559.27
221,20,2019,9654.17
222,20,2016,8642.23
223,20,2017,9253.29
224,22,2022,8670.3166
225,22,2021,8213.9963
226,22,2020,6625.6965
227,22,2016,5032.0932
228,22,2017,6253.9534
229,22,2018,7966.2741
230,22,2019,7780.2926
231,22,2020,6230.7711
232,22,2021,9425.7212
233,22,2022,5583.0
234,22,2019,8150.828
235,22,2018,8524.3798
236,22,2016,6120.1156
237,22,2017,7437.3381
238,22,2022,4618.0
239,22,2021,10393.5076
240,22,2020,7818.6301
241,22,2017,7481.6315
242,22,2016,6099.5747
243,22,2018,8730.4715
244,22,2019,8734.7872
245,22,2020,8504.3433
246,22,2021,11729.0551
247,22,2022,4452.0
248,22,2019,8289.2146
249,22,2018,8505.016
250,22,2016,6162.2046
251,22,2017,8094.206
252,23,2018,123360.50528
253,23,2022,161196.77815
254,23,2021,123099.53977
255,23,2017,103236.12879
256,23,2016,98740.69908
257,23,2020,111076.95613
258,23,2019,114578.43212
259,23,2021,138367.66624
260,23,2022,159686.62867
261,23,2020,89423.51098
262,23,2018,118512.732
263,23,2019,114071.98399
264,23,2016,102881.78282
265,23,2017,106018.76747
266,23,2018,113572.38111
267,23,2020,105252.23134
268,23,2022,157739.69733
269,23,2021,137064.98532
270,23,2017,107105.72456
271,23,2016,98031.86798
272,23,2019,108623.7493
273,23,2021,150336.7974
274,23,2022,154228.89666
275,23,2020,116088.92812
276,23,2018,112767.61359
277,23,2019,109635.71099
278,23,2016,98479.31706
279,23,2017,113284.08198
280,28,2020,2070.80765
281,28,2021,2343.072526
282,28,2022,3367.360569
283,28,2016,1614.522974
284,28,2018,2105.374747
285,28,2019,1997.606945
286,28,2017,1690.817211
287,28,2022,3919.838494
288,28,2021,2742.794191
289,28,2020,1141.925235
290,28,2017,1931.490713
291,28,2019,2155.910734
292,28,2018,2380.663143
293,28,2016,1755.4575
294,28,2020,1598.660015
295,28,2021,2932.223725
296,28,2022,3556.89317
297,28,2016,1953.469358
298,28,2017,2204.944455
299,28,2018,2367.606426
300,28,2019,2418.387724
301,28,2021,3011.922676
302,28,2020,2203.800802
303,28,2022,2808.721262
304,28,2019,2184.819696
305,28,2018,2111.211704
306,28,2017,2018.810621
307,28,2016,1758.482998
308,33,2022,72715.554207
309,33,2020,48098.515136
310,33,2021,55658.676725
311,33,2016,39974.022919
312,33,2017,49958.590077
313,33,2018,52800.37604
314,33,2019,49564.896603
315,33,2021,80517.9896
316,33,2020,52592.611082
317,33,2022,91354.740427
318,33,2019,57897.866561
319,33,2018,58779.958715
320,33,2017,56745.764334
321,33,2016,48281.511891
322,33,2020,55043.170376
323,33,2021,77101.100913
324,33,2022,89218.567616
325,33,2016,47690.122151
326,33,2017,55528.914231
327,33,2018,60180.450394
328,33,2019,58107.049723
329,33,2022,80847.17597
330,33,2018,60128.73825
331,33,2021,67536.810222
332,33,2020,53445.945061
333,33,2019,55556.99476
334,33,2017,52754.839711
335,33,2016,43580.472253
336,37,2022,12228.93484
337,37,2021,9624.74061
338,37,2020,8068.67092
339,37,2016,5912.60459
340,37,2018,8162.57348
341,37,2017,6931.71242
342,37,2019,8193.82244
343,37,2020,6836.08297
344,37,2021,10324.25394
345,37,2022,13690.41506
346,37,2019,8072.18192
347,37,2017,7521.17531
348,37,2018,8257.06674
349,37,2016,6579.26442
350,37,2022,12498.09235
351,37,2021,10511.64202
352,37,2020,8302.50468
353,37,2016,7043.72094
354,37,2017,8469.19735
355,37,2018,8652.92899
356,37,2019,8570.4307
357,37,2020,8746.86236
358,37,2021,10696.61117
359,37,2022,12300.76032
360,37,2018,8544.92236
361,37,2019,8503.65304
362,37,2017,8515.5375
363,37,2016,7036.71702
364,44,2020,101432.469582
365,44,2021,117770.848685
366,44,2022,142583.041791
367,44,2018,109052.68927
368,44,2017,103283.142922
369,44,2016,93705.515151
370,44,2019,108166.50746
371,44,2018,118684.665126
372,44,2022,163356.989878
373,44,2021,126792.56407
374,44,2020,78598.012675
375,44,2016,95924.753188
376,44,2017,106740.809195
377,44,2019,116828.448897
378,44,2020,101055.113481
379,44,2021,125718.753283
380,44,2022,149797.405577
381,44,2018,114453.116256
382,44,2019,111349.627489
383,44,2016,97919.607571
384,44,2017,101827.985047
385,44,2018,110122.207019
386,44,2022,141743.058233
387,44,2021,137332.468543
388,44,2020,109677.032712
389,44,2017,108813.482995
390,44,2016,102441.329843
391,44,2019,112472.082517
392,50,2020,17215.0
393,50,2022,24537.0
394,50,2021,22145.0
395,50,2018,19407.0
396,50,2017,15676.365733
397,50,2019,18260.0
398,50,2016,15070.70122
399,50,2018,18950.0
400,50,2021,23789.0
401,50,2020,17643.0
402,50,2022,25255.0
403,50,2016,14810.6068
404,50,2019,17023.0
405,50,2017,16380.643744
406,50,2022,23394.0
407,50,2020,17836.0
408,50,2021,23463.0
409,50,2018,17622.0
410,50,2017,17558.912276
411,50,2019,16697.0
412,50,2016,14515.800464
413,50,2018,18860.0
414,50,2021,25280.0
415,50,2020,21391.0
416,50,2022,24306.0
417,50,2016,16321.22387
418,50,2019,16814.0
419,50,2017,19207.273757
420,51,2020,476538.868846
421,51,2022,818203.053508
422,51,2021,708996.487962
423,51,2017,478369.0
424,51,2018,543918.0
425,51,2016,446204.0
426,51,2019,551557.801034
427,51,2021,806958.634312
428,51,2022,907024.165403
429,51,2020,618758.211843
430,51,2019,619979.672895
431,51,2016,519004.0
432,51,2018,626124.0
433,51,2017,561606.0
434,51,2020,709824.873967
435,51,2022,968953.777049
436,51,2021,879148.471605
437,51,2017,588106.0
438,51,2018,656750.0
439,51,2016,552930.0
440,51,2019,654860.525128
441,51,2021,963059.535707
442,51,2022,899420.454315
443,51,2020,784829.671842
444,51,2019,673059.007653
445,51,2016,579494.0
446,51,2018,659903.0
447,51,2017,635265.0
448,55,2021,8921.991636
449,55,2020,8800.985004
450,55,2022,12972.723045
451,55,2019,9594.032
452,55,2016,6582.774159
453,55,2018,9693.460921
454,55,2017,8611.085947
455,55,2022,15521.453404
456,55,2020,6372.211935
457,55,2021,9058.56575
458,55,2017,8774.910585
459,55,2018,10800.629367
460,55,2019,10707.523548
461,55,2016,7995.775001
462,55,2021,10143.005158
463,55,2020,7650.420101
464,55,2022,15274.71164
465,55,2016,8109.061351
466,55,2019,9587.439912
467,55,2018,10743.512467
468,55,2017,9419.32285
469,55,2022,13230.394605
470,55,2020,8183.953164
471,55,2021,12163.897765
472,55,2017,10091.189024
473,55,2018,10536.34781
474,55,2019,9600.172403
475,55,2016,9069.196742
476,60,2021,3736.610691
477,60,2018,2859.665492
478,60,2022,4128.759048
479,60,2016,2501.254639
480,60,2019,2849.686263
481,60,2017,2614.123405
482,60,2020,3298.115315
483,60,2018,3032.773625
484,60,2020,2717.163855
485,60,2021,3894.569852
486,60,2022,5328.0
487,60,2019,3017.461762
488,60,2016,2787.07683
489,60,2017,2850.783053
490,60,2022,5260.0
491,60,2021,3931.493956
492,60,2020,3024.331689
493,60,2018,2841.478177
494,60,2017,2642.092949
495,60,2016,2516.161108
496,60,2019,2962.211035
497,60,2018,2761.060738
498,60,2020,3279.484686
499,60,2021,3930.91913
500,60,2022,5612.0
501,60,2019,3034.613629
502,60,2016,2556.466128
503,60,2017,2661.581343
504,62,2021,4901.26024
505,62,2020,4072.70178
506,62,2022,5782.14313
507,62,2016,3023.97025
508,62,2017,3653.85676
509,62,2018,4136.25184
510,62,2019,4157.77818
511,62,2022,6469.14086
512,62,2020,3595.02276
513,62,2021,5668.28413
514,62,2019,4259.31874
515,62,2018,4446.45544
516,62,2017,3743.9084
517,62,2016,3516.49818
518,62,2020,4462.51683
519,62,2022,6597.65704
520,62,2021,5285.47894
521,62,2016,3466.23204
522,62,2017,4105.72117
523,62,2018,4351.08529
524,62,2019,4437.9868
525,62,2021,6022.57167
526,62,2022,6445.14728
527,62,2020,5062.70426
528,62,2019,4325.37598
529,62,2018,4468.0766
530,62,2017,4565.53674
531,62,2016,3805.84324
532,65,2021,642.86439
533,65,2020,800.68912
534,65,2022,932.43109
535,65,2016,949.47135
536,65,2017,628.75956
537,65,2018,1577.1666
538,65,2019,1058.53199
539,65,2022,1054.01574
540,65,2020,876.52178
541,65,2021,930.13409
542,65,2019,848.64037
543,65,2018,1642.9474
544,65,2017,970.11186
545,65,2016,659.57517
546,65,2021,977.01052
547,65,2020,675.8502
548,65,2022,972.50357
549,65,2016,690.34847
550,65,2018,1031.85907
551,65,2017,951.32006
552,65,2019,757.95708
553,65,2022,1371.18649
554,65,2020,710.1059
555,65,2021,1337.92161
556,65,2019,787.95444
557,65,2017,737.3493
558,65,2018,799.74568
559,65,2016,665.18003
560,66,2021,56572.07183
561,66,2022,60494.77486
562,66,2020,47331.78027
563,66,2017,42875.09153
564,66,2016,40824.50637
565,66,2018,52105.7574
566,66,2019,50197.31799
567,66,2020,37971.3942
568,66,2022,61025.32286
569,66,2021,59181.98461
570,66,2018,50908.9967
571,66,2019,50174.03849
572,66,2016,42532.21119
573,66,2017,44560.32132
574,66,2021,52286.93098
575,66,2022,57653.03746
576,66,2020,48794.28326
577,66,2017,44856.74643
578,66,2016,38836.42127
579,66,2018,47131.04533
580,66,2019,48387.88578
581,66,2020,57813.87142
582,66,2022,62054.70971
583,66,2021,58522.81467
584,66,2019,50368.7075
585,66,2018,52092.49157
586,66,2017,49850.28058
587,66,2016,40499.35943
588,69,2021,30724.93227
589,69,2022,33772.52233
590,69,2020,27834.2533
591,69,2018,27758.43408
592,69,2016,22710.69697
593,69,2017,24538.70574
594,69,2019,27353.23394
595,69,2018,27752.60136
596,69,2020,24749.72055
597,69,2022,32213.95489
598,69,2021,32052.576
599,69,2019,27949.24174
600,69,2017,24902.71378
601,69,2016,24763.36793
602,69,2022,31931.08377
603,69,2021,30140.97454
604,69,2020,27598.21755
605,69,2018,26910.31655
606,69,2016,23868.80503
607,69,2017,26457.01554
608,69,2019,27838.359
609,69,2018,27274.21386
610,69,2021,33026.24478
611,69,2022,33130.27148
612,69,2020,28271.47375
613,69,2019,27935.18218
614,69,2017,26607.40906
615,69,2016,23983.46604
616,72,2021,2905.3
617,72,2018,2519.8
618,72,2020,2691.1
619,72,2022,3228.1
620,72,2016,2254.4
621,72,2017,2413.5
622,72,2019,2657.7
623,72,2022,3329.0
624,72,2020,2053.4
625,72,2018,2769.6
626,72,2021,3115.8
627,72,2019,2816.6
628,72,2017,2608.7
629,72,2016,2489.6
630,72,2021,3115.8
631,72,2018,2728.6
632,72,2020,2708.7
633,72,2022,3674.8
634,72,2016,2618.9
635,72,2017,2474.8
636,72,2019,2807.7
637,72,2022,3370.0
638,72,2018,2620.1
639,72,2021,3212.8
640,72,2020,2848.7
641,72,2019,2910.7
642,72,2017,2637.6
643,72,2016,2476.7
644,74,2021,5861.319162
645,74,2018,5200.739157
646,74,2020,5452.838316
647,74,2022,8085.140928
648,74,2017,4721.101823
649,74,2016,3627.186486
650,74,2019,5244.635797
651,74,2022,8783.104019
652,74,2020,4190.356782
653,74,2018,5525.862892
654,74,2021,6724.910633
655,74,2019,5763.177545
656,74,2016,4297.536018
657,74,2017,4696.465562
658,74,2021,6824.587589
659,74,2018,5559.180697
660,74,2020,5150.60177
661,74,2022,7989.970653
662,74,2017,4625.386958
663,74,2016,4235.247329
664,74,2019,5681.475009
665,74,2020,5561.56457
666,74,2021,7288.382461
667,74,2022,7800.105128
668,74,2019,5640.090866
669,74,2016,4637.69632
670,74,2017,5079.499153
671,74,2018,5342.19491
672,75,2020,7402.46322
673,75,2022,14054.245411
674,75,2021,8938.074506
675,75,2018,6926.0
676,75,2016,8632.0
677,75,2017,6424.0
678,75,2019,7413.230885
679,75,2018,6839.0
680,75,2021,9653.695517
681,75,2022,12484.94519
682,75,2020,5632.735777
683,75,2019,7579.292464
684,75,2017,6324.0
685,75,2016,5918.0
686,75,2020,6411.284841
687,75,2018,6534.0
688,75,2022,10672.143728
689,75,2021,9666.508116
690,75,2016,5211.0
691,75,2017,5916.0
692,75,2019,6589.71759
693,75,2021,12539.584649
694,75,2022,12065.440905
695,75,2018,7325.0
696,75,2020,7631.468826
697,75,2019,7417.327366
698,75,2017,6940.0
699,75,2016,5707.0
700,76,2020,1373.31
701,76,2021,1578.73
702,76,2022,1875.73
703,76,2018,1482.47
704,76,2017,1437.6
705,76,2016,1299.13
706,76,2019,1466.81
707,76,2018,1565.16
708,76,2022,1831.23
709,76,2021,1584.0
710,76,2020,721.08
711,76,2019,1543.09
712,76,2016,1467.54
713,76,2017,1447.7
714,76,2020,1335.77
715,76,2022,1839.02
716,76,2021,1631.45
717,76,2018,1470.28
718,76,2017,1502.0
719,76,2016,1375.38
720,76,2019,1491.94
721,76,2018,1387.48
722,76,2021,1600.71
723,76,2022,1569.13
724,76,2020,1375.27
725,76,2019,1403.14
726,76,2016,1278.1
727,76,2017,1372.71
728,79,2020,3823.03284
729,79,2021,4703.91876
730,79,2022,5702.76906
731,79,2018,4052.35252
732,79,2016,3064.37874
733,79,2017,3300.93012
734,79,2019,4042.30132
735,79,2018,4410.62468
736,79,2020,3504.75309
737,79,2021,5396.6064
738,79,2022,5710.7479
739,79,2019,4213.18793
740,79,2017,3599.59023
741,79,2016,3419.65202
742,79,2022,5585.99906
743,79,2020,4157.3898
744,79,2018,4195.60172
745,79,2021,5634.89522
746,79,2016,3368.53161
747,79,2017,3729.70925
748,79,2019,3896.79262
749,79,2021,5784.41325
750,79,2018,4358.34198
751,79,2020,4854.64714
752,79,2022,5360.7518
753,79,2019,3948.82882
754,79,2017,3928.30716
755,79,2016,3318.34157
756,85,2022,20759.40013
757,85,2021,18291.04177
758,85,2020,16061.46725
759,85,2018,19121.21372
760,85,2016,13461.32857
761,85,2017,15555.25307
762,85,2019,18886.21961
763,85,2018,19737.88328
764,85,2020,14453.99835
765,85,2021,19891.89061
766,85,2022,22304.43637
767,85,2019,18804.94534
768,85,2017,17014.1201
769,85,2016,15545.2649
770,85,2022,20714.25064
771,85,2021,20603.04362
772,85,2020,16226.53808
773,85,2018,17979.92685
774,85,2016,14090.45079
775,85,2017,17217.80992
776,85,2019,17335.13008
777,85,2018,19030.05755
778,85,2020,19477.73789
779,85,2022,21836.32255
780,85,2021,23209.72477
781,85,2019,18441.78263
782,85,2016,14811.19169
783,85,2017,18286.3163
784,86,2021,141160.07387
785,86,2020,130472.85176
786,86,2018,149950.24556
787,86,2022,157574.34559
788,86,2016,123622.01639
789,86,2017,124740.20331
790,86,2019,145706.88592
791,86,2022,156290.00372
792,86,2020,94129.89318
793,86,2018,146426.0069
794,86,2021,149124.30277
795,86,2019,146474.27636
796,86,2017,132241.80368
797,86,2016,131343.81021
798,86,2021,139546.49082
799,86,2018,136269.19829
800,86,2020,121295.42742
801,86,2022,144921.29643
802,86,2016,118635.59194
803,86,2017,131068.86035
804,86,2019,134276.56232
805,86,2020,142738.62696
806,86,2021,155189.96414
807,86,2022,159031.46126
808,86,2019,144493.03395
809,86,2018,149576.42842
810,86,2017,147247.60366
811,86,2016,127577.60084
812,93,2022,421369.91369
813,93,2021,404889.9803
814,93,2020,359020.46539
815,93,2016,324395.92947
816,93,2017,340591.6819
817,93,2018,404382.97188
818,93,2019,382099.01317
819,93,2022,421897.38864
820,93,2021,413488.93172
821,93,2020,278420.50674
822,93,2019,371777.53102
823,93,2018,400028.75584
824,93,2017,351434.83707
825,93,2016,346994.69814
826,93,2020,356052.32493
827,93,2021,399769.11496
828,93,2022,400966.74853
829,93,2016,332615.09602
830,93,2017,372699.73642
831,93,2018,379595.29786
832,93,2019,368378.38826
833,93,2022,411245.63028
834,93,2021,418593.72516
835,93,2020,389039.46536
836,93,2019,367156.5973
837,93,2018,376532.17943
838,93,2017,383464.52126
839,93,2016,330349.6629
840,97,2021,10579.60698
841,97,2020,8800.31521
842,97,2022,13047.51716
843,97,2017,7359.37763
844,97,2016,6307.08174
845,97,2018,9675.90476
846,97,2019,9091.61942
847,97,2022,15297.20995
848,97,2020,7528.32426
849,97,2018,10235.88976
850,97,2021,11854.21655
851,97,2019,9929.05755
852,97,2016,7088.38916
853,97,2017,8036.43683
854,97,2021,11931.84536
855,97,2018,9540.23812
856,97,2020,8863.36356
857,97,2022,14679.18385
858,97,2017,8082.03761
859,97,2016,7356.32136
860,97,2019,9418.02976
861,97,2022,14367.61229
862,97,2020,10022.62609
863,97,2018,10050.27501
864,97,2021,12852.21928
865,97,2019,9468.76022
866,97,2016,7398.80457
867,97,2017,9148.91244
868,102,2022,4057.333048
869,102,2018,2847.677883
870,102,2021,3421.208462
871,102,2020,3047.123557
872,102,2019,2815.141393
873,102,2017,2913.638882
874,102,2016,2616.86221
875,102,2021,3275.482347
876,102,2020,2496.69069
877,102,2018,2720.721819
878,102,2022,4134.145363
879,102,2016,2730.038099
880,102,2019,2822.884568
881,102,2017,2827.744044
882,102,2022,3891.976185
883,102,2018,2583.669091
884,102,2020,2807.983827
885,102,2021,3513.837251
886,102,2017,2634.477162
887,102,2019,2753.446733
888,102,2016,2563.487804
889,102,2021,3542.212064
890,102,2020,3169.661847
891,102,2018,2617.231576
892,102,2022,3611.522826
893,102,2016,2537.073551
894,102,2017,2613.777165
895,102,2019,2783.568341
896,110,2022,3035.9
897,110,2018,2295.8
898,110,2021,2414.0
899,110,2020,2177.8
900,110,2017,2259.7
901,110,2016,1967.5
902,110,2019,2211.0
903,110,2020,1453.8
904,110,2021,2629.9
905,110,2018,2276.5
906,110,2022,3332.7
907,110,2019,2311.7
908,110,2016,2215.8
909,110,2017,2343.6
910,110,2022,3187.6
911,110,2021,2680.5
912,110,2018,2146.2
913,110,2020,2109.9
914,110,2017,2165.7
915,110,2016,1907.5
916,110,2019,2231.3
917,110,2020,1941.9
918,110,2018,1925.1
919,110,2021,2491.4
920,110,2022,2666.0
921,110,2019,2033.8
922,110,2016,1868.7
923,110,2017,1886.8
924,111,2022,153299.650353
925,111,2020,112717.832857
926,111,2021,147779.372077
927,111,2016,109706.653757
928,111,2017,124568.7997
929,111,2019,125629.732751
930,111,2018,130586.136189
931,111,2021,161378.392181
932,111,2020,133145.044534
933,111,2022,154013.849308
934,111,2018,142626.543388
935,111,2019,130455.05434
936,111,2016,128381.769528
937,111,2017,136871.400698
938,111,2018,148733.611635
939,111,2022,158288.098521
940,111,2020,150223.165594
941,111,2021,173745.873023
942,111,2016,136739.98982
943,111,2017,142750.505319
944,111,2019,136753.384413
945,111,2021,186999.419223
946,111,2020,152687.293814
947,111,2022,144322.909992
948,111,2018,146509.278625
949,111,2019,142049.154254
950,111,2017,145674.053499
951,111,2016,141806.304995
952,112,2018,32128.51152
953,112,2020,30667.78722
954,112,2022,38807.31683
955,112,2021,35968.50893
956,112,2017,26836.04442
957,112,2016,24495.56032
958,112,2019,32129.22278
959,112,2022,38074.82678
960,112,2020,23587.92214
961,112,2021,36177.52385
962,112,2018,32242.6339
963,112,2019,31335.04494
964,112,2017,28157.54122
965,112,2016,26749.38975
966,112,2018,29491.23486
967,112,2020,31637.88641
968,112,2021,33626.60054
969,112,2022,36483.23201
970,112,2016,25159.7822
971,112,2017,28601.72597
972,112,2019,30066.04328
973,112,2022,37937.69063
974,112,2021,36057.37974
975,112,2020,34760.46564
976,112,2019,30266.18808
977,112,2018,30842.24419
978,112,2017,30210.6079
979,112,2016,25514.55465
980,113,2020,1162.867465
981,113,2021,1290.010356
982,113,2022,1785.505103
983,113,2016,1026.731311
984,113,2017,990.673377
985,113,2018,1384.229919
986,113,2019,1450.113877
987,113,2022,1933.863717
988,113,2021,1474.724216
989,113,2020,1041.556307
990,113,2018,1417.825218
991,113,2019,1295.451617
992,113,2017,1294.053035
993,113,2016,1144.624315
994,113,2018,1357.322791
995,113,2021,1524.74828
996,113,2022,1872.174527
997,113,2020,1099.028826
998,113,2016,1103.533896
999,113,2017,1216.274926
1000,113,2019,1184.732521
1001,113,2020,1278.243453
1002,113,2022,1798.202213
1003,113,2021,1697.308335
1004,113,2018,1397.056866
1005,113,2019,1292.207091
1006,113,2016,1161.243598
1007,113,2017,1377.041235
1008,114,2018,80721.773962
1009,114,2020,75026.520733
1010,114,2021,90396.182154
1011,114,2022,117025.619997
1012,114,2017,76467.157871
1013,114,2016,64975.342556
1014,114,2019,86014.751005
1015,114,2022,121005.587468
1016,114,2021,95541.621156
1017,114,2020,51468.254374
1018,114,2019,80934.239467
1019,114,2016,65957.372877
1020,114,2017,71527.807322
1021,114,2018,82051.896257
1022,114,2020,74208.223971
1023,114,2021,102700.36384
1024,114,2022,110816.258661
1025,114,2018,81372.878373
1026,114,2017,74209.698463
1027,114,2016,66094.259284
1028,114,2019,78268.889796
1029,114,2022,104633.797052
1030,114,2021,106787.447171
1031,114,2020,75707.336554
1032,114,2019,79121.742238
1033,114,2016,67515.20216
1034,114,2018,80631.810871
1035,114,2017,77036.758299
1036,115,2018,44196.403551
1037,115,2020,41760.875538
1038,115,2021,48904.278434
1039,115,2022,66144.045757
1040,115,2019,41264.432412
1041,115,2017,40694.034626
1042,115,2016,33602.653571
1043,115,2021,53966.037403
1044,115,2018,43720.892524
1045,115,2020,34626.760642
1046,115,2022,74982.202481
1047,115,2016,35964.62173
1048,115,2017,39280.471079
1049,115,2019,39583.312055
1050,115,2020,40758.981476
1051,115,2018,47073.853032
1052,115,2021,61402.237671
1053,115,2022,78202.461317
1054,115,2019,43580.489151
1055,115,2017,43400.381715
1056,115,2016,34847.613709
1057,115,2021,67233.58964
1058,115,2018,45133.108602
1059,115,2020,46159.871968
1060,115,2022,72650.25155
1061,115,2017,45435.756744
1062,115,2016,40074.936843
1063,115,2019,43254.761971
1064,116,2022,20700.0
1065,116,2021,15636.84999
1066,116,2020,12705.0
1067,116,2019,19032.0
1068,116,2018,29064.0
1069,116,2016,12611.0
1070,116,2017,23686.0
1071,116,2020,8938.255758
1072,116,2021,17285.0
1073,116,2022,24900.0
1074,116,2017,21342.0
1075,116,2016,18905.0
1076,116,2018,29336.0
1077,116,2019,17835.0
1078,116,2021,18823.0
1079,116,2022,14400.0
1080,116,2020,11192.081872
1081,116,2018,26546.0
1082,116,2019,13259.0
1083,116,2016,19239.0
1084,116,2017,22936.0
1085,116,2018,18476.0
1086,116,2020,14081.02281
1087,116,2022,13000.0
1088,116,2021,19900.774029
1089,116,2017,24800.0
1090,116,2016,22148.0
1091,116,2019,15592.0
1092,117,2021,17524.919123
1093,117,2022,28000.0
1094,117,2018,21010.163078
1095,117,2020,16938.010085
1096,117,2019,21798.772322
1097,117,2016,7985.625709
1098,117,2017,15014.180011
1099,117,2018,23608.979173
1100,117,2020,7903.315106
1101,117,2022,33400.0
1102,117,2021,19828.621407
1103,117,2017,14404.809654
1104,117,2016,11804.791111
1105,117,2019,23461.395979
1106,117,2021,23420.471934
1107,117,2022,28900.0
1108,117,2020,12316.795974
1109,117,2018,25686.539652
1110,117,2019,21992.847511
1111,117,2016,12482.124031
1112,117,2017,14891.767614
1113,117,2020,13455.278834
1114,117,2022,26400.0
1115,117,2021,25524.287536
1116,117,2017,19293.54272
1117,117,2016,14556.959149
1118,117,2019,21649.884188
1119,117,2018,22525.118097
1120,118,2021,47237.41045
1121,118,2022,56970.69994
1122,118,2020,47605.09825
1123,118,2018,41343.62972
1124,118,2017,33983.30314
1125,118,2016,30448.17188
1126,118,2019,42444.35313
1127,118,2020,40534.84843
1128,118,2022,54525.25589
1129,118,2021,47415.2401
1130,118,2016,33867.54233
1131,118,2017,33933.22354
1132,118,2019,42928.47861
1133,118,2018,41968.32008
1134,118,2021,47204.68726
1135,118,2022,53044.43341
1136,118,2020,46172.55559
1137,118,2018,39454.19838
1138,118,2019,41546.93182
1139,118,2016,33553.30871
1140,118,2017,33721.80567
1141,118,2020,45791.78319
1142,118,2022,49450.70367
1143,118,2021,48800.7077
1144,118,2017,35720.83958
1145,118,2016,32995.14292
1146,118,2019,42705.19939
1147,118,2018,42028.08163
1148,120,2021,13926.691
1149,120,2022,18095.437
1150,120,2020,13843.863
1151,120,2018,17081.691
1152,120,2017,16361.832
1153,120,2016,16238.051
1154,120,2019,17001.377
1155,120,2020,10926.167
1156,120,2022,18869.287
1157,120,2021,14613.432
1158,120,2019,14074.937
1159,120,2016,14908.548
1160,120,2017,15308.885
1161,120,2018,15549.65
1162,120,2021,13949.18
1163,120,2022,17492.74
1164,120,2020,11686.263
1165,120,2018,14090.181
1166,120,2017,14129.746
1167,120,2016,14605.403
1168,120,2019,13810.002
1169,120,2020,13696.167
1170,120,2021,17669.466
1171,120,2022,19127.898
1172,120,2019,13620.31
1173,120,2016,14819.385
1174,120,2017,15349.457
1175,120,2018,15230.028
1176,121,2022,162774.40111
1177,121,2021,143291.47905
1178,121,2020,124144.98536
1179,121,2017,116438.31599
1180,121,2018,139294.2266
1181,121,2016,109569.17947
1182,121,2019,131982.89403
1183,121,2020,98729.09739
1184,121,2021,160944.11793
1185,121,2022,171982.17682
1186,121,2019,139433.31058
1187,121,2016,121672.92618
1188,121,2018,142471.29362
1189,121,2017,126594.99235
1190,121,2022,154970.61807
1191,121,2021,150507.65416
1192,121,2020,129902.27616
1193,121,2018,129214.3347
1194,121,2016,112961.75113
1195,121,2017,126266.17607
1196,121,2019,128605.53486
1197,121,2020,147015.8663
1198,121,2021,160891.94806
1199,121,2018,138546.5375
1200,121,2022,167197.61203
1201,121,2019,137695.91213
1202,121,2017,138118.81906
1203,121,2016,117532.66524
1204,125,2022,188859.681475
1205,125,2020,166196.350603
1206,125,2021,180865.059055
1207,125,2016,152182.423387
1208,125,2017,167416.201985
1209,125,2018,184361.304194
1210,125,2019,173777.995874
1211,125,2021,188811.574385
1212,125,2020,132532.623225
1213,125,2022,184492.939677
1214,125,2019,173713.22133
1215,125,2018,185140.09776
1216,125,2017,169210.172418
1217,125,2016,157733.745249
1218,125,2022,185178.827534
1219,125,2020,157014.339815
1220,125,2021,188969.576861
1221,125,2016,166136.889677
1222,125,2017,176421.515221
1223,125,2018,180680.078364
1224,125,2019,178384.855552
1225,125,2021,197385.469168
1226,125,2020,185575.472139
1227,125,2022,188388.077084
1228,125,2019,179688.170747
1229,125,2018,187961.734895
1230,125,2017,185281.359183
1231,125,2016,168999.350811
1232,127,2022,2806.745211
1233,127,2018,1719.295352
1234,127,2021,2010.732113
1235,127,2020,1944.366338
1236,127,2016,1637.529718
1237,127,2017,1748.541408
1238,127,2019,1873.571408
1239,127,2020,1609.560704
1240,127,2021,2240.50831
1241,127,2018,1903.653944
1242,127,2022,3291.482254
1243,127,2019,1973.801268
1244,127,2017,1770.88169
1245,127,2016,1894.07338
1246,127,2022,3369.659296
1247,127,2018,2053.035493
1248,127,2021,2395.644085
1249,127,2020,2296.647183
1250,127,2016,2107.398732
1251,127,2017,1968.066901
1252,127,2019,2344.224225
1253,127,2020,2092.789859
1254,127,2021,2710.661972
1255,127,2018,2074.276197
1256,127,2022,2820.845627
1257,127,2019,2125.706479
1258,127,2017,2023.985775
1259,127,2016,1909.631127
1260,128,2021,11537.681988
1261,128,2022,19115.964254
1262,128,2018,13905.499631
1263,128,2020,13900.014382
1264,128,2016,8286.3307
1265,128,2017,10810.0742
1266,128,2019,13313.51971
1267,128,2020,11564.16375
1268,128,2018,15038.096331
1269,128,2022,23221.854998
1270,128,2021,15722.668808
1271,128,2019,15258.069037
1272,128,2017,12317.2633
1273,128,2016,8499.0853
1274,128,2022,21579.346704
1275,128,2018,15649.472855
1276,128,2021,16318.404417
1277,128,2020,9415.12582
1278,128,2016,9448.7647
1279,128,2017,11367.4451
1280,128,2019,14134.454632
1281,128,2020,11568.040641
1282,128,2021,17045.942754
1283,128,2018,16363.164179
1284,128,2022,20746.030199
1285,128,2019,14602.707795
1286,128,2017,13808.9277
1287,128,2016,10450.9659
1288,129,2022,1825.350316
1289,129,2021,1731.797335
1290,129,2020,1753.361557
1291,129,2019,1557.31191
1292,129,2016,1514.762444
1293,129,2017,1459.143921
1294,129,2018,1588.100343
1295,129,2019,1445.742578
1296,129,2020,1300.121592
1297,129,2021,1659.348358
1298,129,2022,1944.359011
1299,129,2018,1570.869808
1300,129,2017,1442.005233
1301,129,2016,1429.053937
1302,129,2022,1897.179444
1303,129,2020,1505.964618
1304,129,2019,1415.329642
1305,129,2021,1600.712729
1306,129,2016,1391.054597
1307,129,2017,1401.934823
1308,129,2018,1495.98683
1309,129,2021,1746.814326
1310,129,2019,1420.356696
1311,129,2020,1474.247786
1312,129,2022,1878.032973
1313,129,2018,1396.572403
1314,129,2017,1444.303737
1315,129,2016,1360.060427
1316,132,2018,145054.752052
1317,132,2021,146404.794936
1318,132,2022,173398.045887
1319,132,2017,132061.367905
1320,132,2016,115187.428915
1321,132,2019,132653.943745
1322,132,2020,130182.083517
1323,132,2022,177114.077025
1324,132,2021,156730.057594
1325,132,2018,151617.360468
1326,132,2020,110338.764867
1327,132,2019,138493.508295
1328,132,2016,126024.417705
1329,132,2017,147043.2301
1330,132,2018,153640.911921
1331,132,2021,164540.48432
1332,132,2022,174024.024196
1333,132,2017,151051.247862
1334,132,2016,121852.743261
1335,132,2019,134727.338997
1336,132,2020,130074.322152
1337,132,2022,159048.612718
1338,132,2021,176725.03157
1339,132,2018,154546.632209
1340,132,2020,141902.867055
1341,132,2019,136357.818932
1342,132,2016,132361.349756
1343,132,2017,143538.575039
1344,133,2021,13525.329978
1345,133,2022,23692.116776
1346,133,2020,13144.942651
1347,133,2017,13582.989319
1348,133,2016,8900.374194
1349,133,2018,16700.763931
1350,133,2019,16302.896644
1351,133,2020,6413.958006
1352,133,2022,28126.229657
1353,133,2021,16510.193522
1354,133,2019,17170.529501
1355,133,2018,17777.386965
1356,133,2017,12801.949846
1357,133,2016,11817.931547
1358,133,2021,13034.132
1359,133,2022,27400.0
1360,133,2020,10228.214512
1361,133,2018,19638.645747
1362,133,2016,12009.743811
1363,133,2017,13028.706534
1364,133,2019,15603.026046
1365,133,2018,17821.433276
1366,133,2020,10328.802683
1367,133,2021,20058.13554
1368,133,2022,24900.0
1369,133,2019,15406.441666
1370,133,2017,15601.623218
1371,133,2016,13544.904625
1372,134,2021,425.3
1373,134,2022,376.1
1374,134,2018,390.9
1375,134,2016,344.7
1376,134,2017,399.1
1377,134,2020,482.0
1378,134,2019,469.5
1379,134,2018,465.9
1380,134,2022,584.4
1381,134,2021,1166.7
1382,134,2019,466.7
1383,134,2020,513.8
1384,134,2016,282.5
1385,134,2017,391.2
1386,134,2022,427.1
1387,134,2018,357.9
1388,134,2021,654.9
1389,134,2017,424.2
1390,134,2016,445.6
1391,134,2020,541.0
1392,134,2019,447.3
1393,134,2021,505.3
1394,134,2022,799.1
1395,134,2018,622.1
1396,134,2019,602.6
1397,134,2020,436.4
1398,134,2016,500.4
1399,134,2017,549.8
1400,136,2018,3896.75648
1401,136,2022,5794.00135
1402,136,2021,4519.6548
1403,136,2020,3854.02976
1404,136,2017,3054.61943
1405,136,2016,2767.92718
1406,136,2019,3803.97079
1407,136,2020,3335.29211
1408,136,2021,4877.14586
1409,136,2022,5856.04347
1410,136,2018,4087.76582
1411,136,2019,3817.78915
1412,136,2016,3075.67193
1413,136,2017,3292.39065
1414,136,2018,3977.45038
1415,136,2022,6137.38658
1416,136,2021,5598.55844
1417,136,2020,4315.70077
1418,136,2017,3737.62334
1419,136,2016,3154.81543
1420,136,2019,3978.66632
1421,136,2020,4831.65001
1422,136,2021,5837.65893
1423,136,2022,6097.09803
1424,136,2018,4203.84777
1425,136,2019,4104.2978
1426,136,2017,4041.56226
1427,136,2016,3295.16562
1428,137,2021,832.02
1429,137,2020,1059.92
1430,137,2022,1297.448
1431,137,2018,1024.299
1432,137,2016,828.536
1433,137,2017,1029.328
1434,137,2019,1084.932
1435,137,2022,1004.603
1436,137,2020,822.062
1437,137,2021,1047.889
1438,137,2019,1180.341
1439,137,2016,1001.71
1440,137,2018,944.512
1441,137,2017,1003.244
1442,137,2021,1233.33
1443,137,2020,1128.297
1444,137,2022,1042.334
1445,137,2018,891.743
1446,137,2016,1095.734
1447,137,2017,978.935
1448,137,2019,1368.216
1449,137,2022,1025.345
1450,137,2021,1476.845
1451,137,2020,1074.24
1452,137,2019,1195.569
1453,137,2017,1014.232
1454,137,2018,969.294
1455,137,2016,1004.146
1456,142,2020,7803.05996
1457,142,2022,11039.62019
1458,142,2021,8999.58793
1459,142,2016,5735.41081
1460,142,2017,6527.78636
1461,142,2019,8040.45514
1462,142,2018,8026.87744
1463,142,2021,9936.56893
1464,142,2022,10908.16526
1465,142,2020,6754.29679
1466,142,2019,8218.53164
1467,142,2018,8193.3405
1468,142,2017,7166.9219
1469,142,2016,6250.50948
1470,142,2020,8753.05789
1471,142,2022,12391.04336
1472,142,2021,10407.96704
1473,142,2016,6399.62183
1474,142,2017,7724.25905
1475,142,2018,8424.20425
1476,142,2019,8376.42532
1477,142,2021,11361.45768
1478,142,2022,12000.86683
1479,142,2020,9541.33835
1480,142,2019,8516.02088
1481,142,2018,8692.5198
1482,142,2017,8481.7481
1483,142,2016,6624.02046
1484,143,2020,3472.54864
1485,143,2022,4541.88322
1486,143,2021,4008.25888
1487,143,2016,4017.39186
1488,143,2017,3905.68124
1489,143,2018,4399.34792
1490,143,2019,5129.82297
1491,143,2021,4289.01038
1492,143,2022,4600.41088
1493,143,2020,3023.36335
1494,143,2018,4272.6197
1495,143,2019,4192.48131
1496,143,2017,3859.81919
1497,143,2016,4333.90578
1498,143,2020,3551.00549
1499,143,2018,3709.03061
1500,143,2022,4098.17049
1501,143,2021,4262.28572
1502,143,2016,3862.09731
1503,143,2017,3953.85208
1504,143,2019,3622.12358
1505,143,2021,4240.62951
1506,143,2022,4179.71779
1507,143,2018,4031.13135
1508,143,2020,3792.13642
1509,143,2017,4041.40568
1510,143,2016,3582.62647
1511,143,2019,3507.01803
1512,145,2020,1551.488023
1513,145,2021,2001.155413
1514,145,2022,2175.302741
1515,145,2016,1085.352979
1516,145,2017,1224.571394
1517,145,2018,1609.583472
1518,145,2019,1740.735938
1519,145,2022,2296.683769
1520,145,2021,2106.000249
1521,145,2020,1154.555711
1522,145,2019,1824.263731
1523,145,2018,1738.14315
1524,145,2017,1398.896441
1525,145,2016,1193.414504
1526,145,2020,1880.478958
1527,145,2022,2071.515224
1528,145,2021,2024.197314
1529,145,2016,1281.508179
1530,145,2017,1484.801823
1531,145,2018,1702.434449
1532,145,2019,1810.825433
1533,145,2021,2054.311089
1534,145,2018,1860.574028
1535,145,2022,2183.17694
1536,145,2020,2051.891785
1537,145,2019,1813.048351
1538,145,2017,1559.875354
1539,145,2016,1230.175809
1540,148,2020,57265.634032
1541,148,2021,69539.698335
1542,148,2022,82274.991047
1543,148,2019,57706.965845
1544,148,2016,44214.086775
1545,148,2017,50755.680529
1546,148,2018,60597.661846
1547,148,2022,90598.93678
1548,148,2020,48809.579461
1549,148,2021,73505.937323
1550,148,2018,62090.602396
1551,148,2017,52268.197262
1552,148,2016,46886.170329
1553,148,2019,59197.854365
1554,148,2021,72334.748671
1555,148,2020,62480.640501
1556,148,2022,93565.832789
1557,148,2019,59354.589779
1558,148,2016,48278.484083
1559,148,2017,56153.429511
1560,148,2018,61320.670686
1561,148,2022,86061.307006
1562,148,2020,66210.187598
1563,148,2021,84044.155519
1564,148,2018,63446.202395
1565,148,2017,58952.559529
1566,148,2016,50364.086609
1567,148,2019,61935.799373
1568,151,2020,741.25628
1569,151,2018,855.19816
1570,151,2021,774.44765
1571,151,2022,742.84405
1572,151,2019,747.37034
1573,151,2016,766.85792
1574,151,2017,613.48836
1575,151,2022,719.48794
1576,151,2021,760.88613
1577,151,2018,720.94134
1578,151,2020,545.06794
1579,151,2016,778.83339
1580,151,2017,678.83085
1581,151,2019,834.23816
1582,151,2018,741.04241
1583,151,2020,617.35121
1584,151,2021,654.53108
1585,151,2022,733.70719
1586,151,2019,720.63552
1587,151,2017,642.18861
1588,151,2016,896.27087
1589,151,2022,983.98992
1590,151,2021,873.85006
1591,151,2020,933.56698
1592,151,2018,875.06433
1593,151,2016,743.9115
1594,151,2017,923.89308
1595,151,2019,875.32681
1596,155,2022,498.2
1597,155,2021,432.9
1598,155,2020,506.8
1599,155,2016,585.152741
1600,155,2017,556.719621
1601,155,2018,550.3
1602,155,2019,562.5
1603,155,2020,306.0
1604,155,2021,475.7
1605,155,2022,593.9
1606,155,2019,582.8
1607,155,2018,589.3
1608,155,2017,582.204038
1609,155,2016,601.778802
1610,155,2022,597.7
1611,155,2021,520.5
1612,155,2020,488.8
1613,155,2016,588.142114
1614,155,2017,612.68377
1615,155,2018,608.5
1616,155,2019,560.5
1617,155,2020,487.3
1618,155,2021,532.5
1619,155,2022,611.1
1620,155,2019,517.1
1621,155,2017,590.04657
1622,155,2016,584.307599
1623,155,2018,617.7
1624,157,2022,132052.652
1625,157,2021,111959.205
1626,157,2020,108324.829
1627,157,2016,85146.829
1628,157,2017,94710.574
1629,157,2018,105296.586
1630,157,2019,108093.855
1631,157,2020,74386.425
1632,157,2021,124409.504
1633,157,2022,148718.681
1634,157,2019,119261.452
1635,157,2018,113879.114
1636,157,2017,102659.183
1637,157,2016,93746.172
1638,157,2022,149512.53
1639,157,2020,111040.351
1640,157,2021,123178.987
1641,157,2016,94919.872
1642,157,2017,101853.381
1643,157,2018,113988.022
1644,157,2019,116347.517
1645,157,2021,135216.809
1646,157,2020,123419.13
1647,157,2022,147909.551
1648,157,2019,116901.055
1649,157,2018,117549.006
1650,157,2017,110209.437
1651,157,2016,100135.39
1652,159,2022,1062.7
1653,159,2021,684.7
1654,159,2020,675.0
1655,159,2016,416.6
1656,159,2017,528.2
1657,159,2018,677.9
1658,159,2019,732.9
1659,159,2020,495.1
1660,159,2021,646.7
1661,159,2022,1228.7
1662,159,2019,628.3
1663,159,2018,636.8
1664,159,2017,500.0
1665,159,2016,488.9
1666,159,2022,986.4
1667,159,2021,771.9
1668,159,2020,567.3
1669,159,2016,527.2
1670,159,2017,623.4
1671,159,2018,644.7
1672,159,2019,664.8
1673,159,2020,729.7
1674,159,2021,1041.1
1675,159,2022,1057.3
1676,159,2019,753.2
1677,159,2018,746.7
1678,159,2017,773.4
1679,159,2016,611.9
1680,164,2021,8553.409016
1681,164,2020,7074.160969
1682,164,2022,10573.963375
1683,164,2016,5887.945166
1684,164,2018,7626.283989
1685,164,2017,6308.058795
1686,164,2019,7949.476054
1687,164,2022,11548.7558
1688,164,2020,5452.319488
1689,164,2021,8317.220983
1690,164,2018,7615.333879
1691,164,2019,7451.080729
1692,164,2017,6157.755754
1693,164,2016,5919.190741
1694,164,2018,6310.915914
1695,164,2021,8625.21297
1696,164,2020,6924.217331
1697,164,2022,9561.906537
1698,164,2016,4968.82532
1699,164,2017,5807.519555
1700,164,2019,6481.873703
1701,164,2022,9461.778193
1702,164,2020,7708.693391
1703,164,2018,7056.553125
1704,164,2021,10347.22482
1705,164,2019,7249.257872
1706,164,2017,6998.263609
1707,164,2016,5885.131905
1708,170,2018,184936.41088
1709,170,2020,172272.68655
1710,170,2022,230574.02346
1711,170,2021,197187.02368
1712,170,2016,135518.51976
1713,170,2017,154614.33176
1714,170,2019,178588.43213
1715,170,2021,206997.12286
1716,170,2022,245493.06711
1717,170,2020,143998.85954
1718,170,2018,179595.06194
1719,170,2019,175153.95739
1720,170,2017,155451.17031
1721,170,2016,143774.33526
1722,170,2018,178218.95183
1723,170,2020,166923.37667
1724,170,2022,240628.4211
1725,170,2021,209457.46298
1726,170,2016,140895.01735
1727,170,2017,163898.80848
1728,170,2019,171695.11362
1729,170,2021,226389.97572
1730,170,2022,248822.06155
1731,170,2020,191407.15384
1732,170,2018,183947.00069
1733,170,2019,183158.27807
1734,170,2017,178101.18682
1735,170,2016,150418.55602
1736,172,2020,9589.832295
1737,172,2018,9833.695134
1738,172,2022,11145.89613
1739,172,2021,10251.051536
1740,172,2016,8188.560418
1741,172,2017,8924.328734
1742,172,2019,9989.383269
1743,172,2022,12279.460596
1744,172,2021,12440.883257
1745,172,2018,10703.932497
1746,172,2020,9649.417196
1747,172,2019,10725.439233
1748,172,2017,10083.349821
1749,172,2016,9072.227858
1750,172,2020,8713.668688
1751,172,2018,9080.157602
1752,172,2021,10179.384716
1753,172,2022,10537.287585
1754,172,2016,7810.006095
1755,172,2017,8845.993468
1756,172,2019,8664.535773
1757,172,2022,11689.529213
1758,172,2021,11905.254642
1759,172,2018,10054.743773
1760,172,2020,10424.226694
1761,172,2019,10137.564999
1762,172,2017,10221.778791
1763,172,2016,8685.114577
1764,175,2021,7834.467
1765,175,2020,13199.581
1766,175,2022,17113.204
1767,175,2016,7298.822335
1768,175,2017,9843.715945
1769,175,2018,15432.297
1770,175,2019,14780.476
1771,175,2022,17842.709
1772,175,2020,6163.305
1773,175,2021,12548.199
1774,175,2019,14979.029
1775,175,2018,14728.38
1776,175,2017,10149.016839
1777,175,2016,8591.185918
1778,175,2021,12506.657
1779,175,2018,15856.374
1780,175,2020,7886.151
1781,175,2022,14119.406
1782,175,2016,7651.751568
1783,175,2017,11694.216168
1784,175,2019,17230.283
1785,175,2022,13600.0
1786,175,2020,8384.507
1787,175,2018,14529.532
1788,175,2021,14043.064
1789,175,2019,15541.591
1790,175,2017,12781.223124
1791,175,2016,9760.518235
1792,180,2021,30468.531466
1793,180,2018,29819.46157
1794,180,2020,23954.061139
1795,180,2022,61161.976447
1796,180,2016,21169.320484
1797,180,2017,26295.115172
1798,180,2019,28646.632735
1799,180,2022,54987.212219
1800,180,2020,17062.843154
1801,180,2018,30260.213651
1802,180,2021,31900.831703
1803,180,2017,23384.263131
1804,180,2019,25686.058808
1805,180,2016,21826.793691
1806,180,2021,40257.451979
1807,180,2022,73674.186476
1808,180,2018,30142.247038
1809,180,2020,19261.340852
1810,180,2016,21263.451883
1811,180,2019,22284.827508
1812,180,2017,23878.179246
1813,180,2020,24180.885183
1814,180,2018,31568.970128
1815,180,2022,59981.802889
1816,180,2021,57478.981706
1817,180,2017,27496.632271
1818,180,2019,26181.058208
1819,180,2016,24150.246807
1820,182,2021,6577.0
1821,182,2020,5919.0
1822,182,2022,8225.0
1823,182,2016,5291.0
1824,182,2017,5214.0
1825,182,2018,6088.0
1826,182,2019,5890.0
1827,182,2022,8441.0
1828,182,2020,3950.0
1829,182,2021,6617.0
1830,182,2019,5894.0
1831,182,2018,6148.0
1832,182,2017,5344.0
1833,182,2016,5189.0
1834,182,2021,6996.0
1835,182,2020,5472.0
1836,182,2022,7182.0
1837,182,2016,4666.0
1838,182,2017,5172.0
1839,182,2018,5382.0
1840,182,2019,5522.0
1841,182,2022,7088.0
1842,182,2020,6638.0
1843,182,2021,8129.0
1844,182,2019,6023.0
1845,182,2018,5807.0
1846,182,2017,5839.0
1847,182,2016,5229.0
1848,185,2021,806.0
1849,185,2018,170.0
1850,185,2022,887.0
1851,185,2020,523.0
1852,185,2016,145.0
1853,185,2017,154.0
1854,185,2019,155.0
1855,185,2020,275.0
1856,185,2022,1026.0
1857,185,2018,201.0
1858,185,2021,859.0
1859,185,2019,218.0
1860,185,2017,180.0
1861,185,2016,179.0
1862,185,2018,160.0
1863,185,2022,901.0
1864,185,2021,921.0
1865,185,2020,506.0
1866,185,2016,169.0
1867,185,2017,172.0
1868,185,2019,639.0
1869,185,2020,422.0
1870,185,2022,737.0
1871,185,2021,972.0
1872,185,2018,142.0
1873,185,2019,492.0
1874,185,2017,154.0
1875,185,2016,143.0
1876,187,2018,2305.504728
1877,187,2020,1927.75529
1878,187,2021,2289.133556
1879,187,2022,2170.276179
1880,187,2016,2200.693418
1881,187,2017,2462.301539
1882,187,2019,2070.666724
1883,187,2022,2788.481216
1884,187,2021,3000.005484
1885,187,2020,2039.55506
1886,187,2018,2596.689895
1887,187,2019,2081.902081
1888,187,2017,1858.859119
1889,187,2016,2374.279364
1890,187,2018,2161.707123
1891,187,2020,2361.200428
1892,187,2021,2851.194765
1893,187,2022,2770.812411
1894,187,2016,2238.940756
1895,187,2017,2344.617949
1896,187,2019,2052.844016
1897,187,2022,2227.444168
1898,187,2021,2406.962688
1899,187,2020,2189.420805
1900,187,2018,1978.253978
1901,187,2019,1762.3925
1902,187,2017,2014.054432
1903,187,2016,1679.783444
1904,189,2020,9579.141429
1905,189,2022,15896.239667
1906,189,2021,12978.452112
1907,189,2016,7609.081757
1908,189,2017,9927.699515
1909,189,2018,11689.126148
1910,189,2019,10943.724815
1911,189,2021,13755.099389
1912,189,2022,14459.470552
1913,189,2020,6628.630367
1914,189,2019,11269.325642
1915,189,2018,12370.660093
1916,189,2017,9694.980654
1917,189,2016,8212.264687
1918,189,2020,10575.009957
1919,189,2018,11803.106702
1920,189,2022,14964.726546
1921,189,2021,15564.779308
1922,189,2016,9723.488485
1923,189,2017,11344.752535
1924,189,2019,11573.183114
1925,189,2021,17349.181432
1926,189,2022,13354.652599
1927,189,2020,12816.740047
1928,189,2019,12657.757939
1929,189,2018,12155.93173
1930,189,2017,12486.412024
1931,189,2016,10971.129151
1932,190,2022,19422.252648
1933,190,2020,15732.231987
1934,190,2021,17643.832058
1935,190,2016,13108.965848
1936,190,2017,16756.473319
1937,190,2018,15840.504786
1938,190,2019,16414.59671
1939,190,2021,18295.888058
1940,190,2020,12748.891537
1941,190,2022,19104.939154
1942,190,2019,17801.696877
1943,190,2018,17052.832574
1944,190,2017,17278.696263
1945,190,2016,13723.326328
1946,190,2022,19791.973958
1947,190,2020,17430.208195
1948,190,2021,19713.78824
1949,190,2016,14858.397053
1950,190,2017,17798.153325
1951,190,2018,18065.850593
1952,190,2019,18424.40361
1953,190,2021,18964.060312
1954,190,2020,17968.088566
1955,190,2022,20479.088623
1956,190,2018,16528.736839
1957,190,2019,17693.325858
1958,190,2017,16879.574493
1959,190,2016,14622.199983
1960,192,2018,66796.40924
1961,192,2021,81377.15338
1962,192,2020,66859.09184
1963,192,2022,90178.7854
1964,192,2016,49025.36605
1965,192,2017,54679.40662
1966,192,2019,67181.93513
1967,192,2022,91735.70749
1968,192,2021,86037.35726
1969,192,2018,66347.67548
1970,192,2020,55226.92646
1971,192,2019,66319.93072
1972,192,2017,56478.23071
1973,192,2016,52530.06295
1974,192,2020,71148.76606
1975,192,2018,63874.3522
1976,192,2021,83150.29212
1977,192,2022,86397.16843
1978,192,2016,50195.50789
1979,192,2017,59767.96433
1980,192,2019,65028.44134
1981,192,2022,92230.30496
1982,192,2021,90068.80467
1983,192,2020,80600.02984
1984,192,2019,68065.15257
1985,192,2018,66551.04649
1986,192,2017,63438.04992
1987,192,2016,52065.64574
1988,193,2021,18609.93649
1989,193,2022,20389.53328
1990,193,2020,15968.14523
1991,193,2016,13109.20424
1992,193,2017,14817.19803
1993,193,2018,17556.86964
1994,193,2019,17014.41465
1995,193,2022,22052.35693
1996,193,2021,19044.97316
1997,193,2020,11679.40256
1998,193,2019,17215.20438
1999,193,2018,18078.12522
2000,193,2017,15100.2246
2001,193,2016,14425.17896
2002,193,2020,16104.35459
2003,193,2022,19854.33068
2004,193,2021,18190.1721
2005,193,2018,16341.41025
2006,193,2016,13746.67651
2007,193,2017,15567.93063
2008,193,2019,15807.07
2009,193,2018,16384.85414
2010,193,2021,19384.28629
2011,193,2022,20085.39385
2012,193,2020,17744.13216
2013,193,2019,17026.09965
2014,193,2017,16644.41024
2015,193,2016,14091.34206
2016,201,2020,89286.0
2017,201,2021,93231.0
2018,201,2022,145309.8
2019,201,2017,82573.0
2020,201,2016,60469.0
2021,201,2019,102621.0
2022,201,2018,101563.0
2023,201,2022,140228.0
2024,201,2021,114904.0
2025,201,2020,70479.0
2026,201,2018,108883.0
2027,201,2019,101550.0
2028,201,2016,67830.0
2029,201,2017,83794.0
2030,201,2020,78959.0
2031,201,2021,131842.0
2032,201,2022,130928.0
2033,201,2017,84441.0
2034,201,2016,70919.0
2035,201,2019,103151.0
2036,201,2018,110569.0
2037,201,2022,115421.0
2038,201,2021,153843.0
2039,201,2020,94650.0
2040,201,2018,122899.0
2041,201,2019,112399.0
2042,201,2016,82492.0
2043,201,2017,102135.0
2044,215,2018,65937.208011
2045,215,2020,48262.053002
2046,215,2021,54846.518067
2047,215,2022,98350.0
2048,215,2016,38182.489313
2049,215,2017,55049.285458
2050,215,2019,65931.129457
2051,215,2022,108100.0
2052,215,2021,63974.576549
2053,215,2020,35097.004944
2054,215,2019,67758.281493
2055,215,2017,50947.051415
2056,215,2018,70918.829446
2057,215,2016,46891.299595
2058,215,2020,42380.54443
2059,215,2021,72140.801689
2060,215,2022,108580.0
2061,215,2016,46634.519427
2062,215,2017,51958.413414
2063,215,2018,79203.96157
2064,215,2019,61953.976974
2065,215,2022,95430.0
2066,215,2021,85217.303696
2067,215,2020,48114.264291
2068,215,2019,65959.815012
2069,215,2018,78313.295715
2070,215,2017,63880.183046
2071,215,2016,51871.158332
2072,217,2021,5837.612652
2073,217,2022,7098.086386
2074,217,2020,4672.27906
2075,217,2016,3418.65
2076,217,2017,3747.104087
2077,217,2018,4705.098417
2078,217,2019,4658.913404
2079,217,2020,3962.355092
2080,217,2022,7505.882306
2081,217,2021,6303.553131
2082,217,2018,5028.985935
2083,217,2019,5038.606619
2084,217,2017,4332.122927
2085,217,2016,3931.21
2086,217,2018,4756.914765
2087,217,2021,6563.620213
2088,217,2022,7104.231952
2089,217,2020,5101.471601
2090,217,2016,3731.55
2091,217,2017,4445.377747
2092,217,2019,4909.818823
2093,217,2020,5761.576669
2094,217,2022,7350.044818
2095,217,2021,6858.740939
2096,217,2018,4735.507515
2097,217,2019,5022.468487
2098,217,2017,4467.817247
2099,217,2016,3792.73
2100,220,2021,107353.335548
2101,220,2020,91591.648119
2102,220,2022,125781.966419
2103,220,2017,89113.810405
2104,220,2016,75311.301494
2105,220,2018,97669.352831
2106,220,2019,94994.517256
2107,220,2022,134035.848585
2108,220,2020,80792.979628
2109,220,2021,110782.557372
2110,220,2019,97131.923626
2111,220,2018,103892.606222
2112,220,2016,84505.655117
2113,220,2017,90634.419344
2114,220,2021,113896.799939
2115,220,2020,92748.219505
2116,220,2022,136038.714583
2117,220,2017,94522.136851
2118,220,2016,85072.467206
2119,220,2018,105994.371519
2120,220,2019,97600.558249
2121,220,2022,119945.221788
2122,220,2020,97401.113724
2123,220,2021,125324.626376
2124,220,2019,101036.466556
2125,220,2018,105398.427855
2126,220,2016,85592.005816
2127,220,2017,99175.511243
2128,223,2021,26494.55333
2129,223,2020,21193.01689
2130,223,2022,27904.15309
2131,223,2016,18197.81014
2132,223,2018,23373.31956
2133,223,2017,19235.21371
2134,223,2019,23437.46038
2135,223,2022,27517.94348
2136,223,2020,16288.18368
2137,223,2021,26293.01141
2138,223,2019,22365.22132
2139,223,2017,20234.60874
2140,223,2018,23955.65346
2141,223,2016,20437.89146
2142,223,2021,23621.58792
2143,223,2020,23099.66948
2144,223,2022,25228.87115
2145,223,2016,18395.08097
2146,223,2017,20746.18436
2147,223,2018,22173.99637
2148,223,2019,20692.76444
2149,223,2022,27386.11406
2150,223,2020,26058.9434
2151,223,2021,27482.12246
2152,223,2019,23013.54017
2153,223,2018,23922.13243
2154,223,2017,23198.31282
2155,223,2016,20029.0415
2156,224,2022,16183.01397
2157,224,2021,13486.92919
2158,224,2018,11326.32844
2159,224,2020,11631.517
2160,224,2016,8027.50225
2161,224,2017,8744.64491
2162,224,2019,11266.22174
2163,224,2020,9435.43689
2164,224,2018,11246.5584
2165,224,2021,14066.60226
2166,224,2022,18545.16703
2167,224,2019,11548.04682
2168,224,2017,9436.37168
2169,224,2016,8546.37789
2170,224,2022,17867.36338
2171,224,2021,14219.13232
2172,224,2018,10564.22782
2173,224,2020,11286.27164
2174,224,2016,8105.57863
2175,224,2017,9794.83924
2176,224,2019,10921.70458
2177,224,2020,12479.20294
2178,224,2018,11062.92984
2179,224,2021,15579.2798
2180,224,2022,17028.62456
2181,224,2019,11207.07766
2182,224,2017,10466.97272
2183,224,2016,8237.13727
2184,227,2021,27136.672975
2185,227,2022,30060.264446
2186,227,2018,22436.372522
2187,227,2020,21373.554404
2188,227,2016,16052.860248
2189,227,2017,20217.340614
2190,227,2019,20796.802764
2191,227,2020,15203.525162
2192,227,2018,23629.558203
2193,227,2022,32985.335461
2194,227,2021,34757.452721
2195,227,2017,22507.318632
2196,227,2016,19969.116045
2197,227,2019,22472.080522
2198,227,2020,22934.998723
2199,227,2022,31804.981538
2200,227,2021,31444.958432
2201,227,2018,23913.556595
2202,227,2019,23499.791925
2203,227,2016,20107.628576
2204,227,2017,22516.065895
2205,227,2018,23990.57757
2206,227,2021,30232.53942
2207,227,2022,28050.023298
2208,227,2020,26321.696114
2209,227,2017,23706.079681
2210,227,2016,20084.82797
2211,227,2019,23246.958875
2212,231,2021,91259.59899
2213,231,2022,104032.10099
2214,231,2020,79128.47675
2215,231,2019,84632.11976
2216,231,2018,89632.15184
2217,231,2016,69399.48595
2218,231,2017,77263.64049
2219,231,2020,62091.23672
2220,231,2022,110191.00682
2221,231,2021,98016.64099
2222,231,2017,79406.18498
2223,231,2016,77494.38098
2224,231,2018,91447.00896
2225,231,2019,87315.74117
2226,231,2021,91474.4102
2227,231,2022,98016.17785
2228,231,2020,77393.00342
2229,231,2019,77709.8152
2230,231,2018,80015.44551
2231,231,2016,69706.12887
2232,231,2017,77008.60318
2233,231,2020,89703.79442
2234,231,2022,106124.90074
2235,231,2021,99218.45935
2236,231,2017,85852.79494
2237,231,2016,73381.36133
2238,231,2018,85659.47109
2239,231,2019,84359.98176
2240,232,2022,3254.2
2241,232,2020,2649.6
2242,232,2021,2982.2
2243,232,2019,3156.1
2244,232,2018,2988.7
2245,232,2017,2774.3
2246,232,2016,2739.2
2247,232,2021,2716.9
2248,232,2020,1763.1
2249,232,2022,3268.0
2250,232,2017,2623.2
2251,232,2016,2391.1
2252,232,2018,2743.2
2253,232,2019,2843.1
2254,232,2022,3469.8
2255,232,2020,3032.3
2256,232,2021,3239.4
2257,232,2019,2984.8
2258,232,2018,3165.7
2259,232,2016,2655.7
2260,232,2017,3026.9
2261,232,2021,3560.1
2262,232,2020,2602.4
2263,232,2022,3114.5
2264,232,2017,2936.0
2265,232,2016,2523.7
2266,232,2018,2992.0
2267,232,2019,2956.0
2268,236,2020,40312.68993
2269,236,2022,50809.49201
2270,236,2021,45391.26825
2271,236,2018,42630.82288
2272,236,2019,41497.29349
2273,236,2016,33732.87661
2274,236,2017,36145.43148
2275,236,2018,42363.72016
2276,236,2021,48709.63775
2277,236,2022,51726.16798
2278,236,2020,33970.00394
2279,236,2017,37449.57084
2280,236,2016,36397.11238
2281,236,2019,41005.12269
2282,236,2020,37498.17701
2283,236,2022,45689.90785
2284,236,2021,44988.69874
2285,236,2018,38527.68388
2286,236,2019,38019.3677
2287,236,2016,33152.51464
2288,236,2017,37559.5333
2289,236,2021,50426.02253
2290,236,2022,49566.11733
2291,236,2020,43714.7208
2292,236,2017,41765.93322
2293,236,2016,36007.71467
2294,236,2018,42446.00762
2295,236,2019,40054.20626
2296,237,2022,105205.067267
2297,237,2021,91652.563126
2298,237,2018,80457.949954
2299,237,2020,78987.381745
2300,237,2017,71265.250507
2301,237,2019,73829.863578
2302,237,2016,67665.354955
2303,237,2020,74718.299491
2304,237,2018,79477.44763
2305,237,2021,94236.85386
2306,237,2022,93322.599484
2307,237,2016,77443.551633
2308,237,2019,77328.721958
2309,237,2017,76185.725162
2310,237,2022,102833.043421
2311,237,2021,93321.363572
2312,237,2018,75364.73099
2313,237,2020,82380.748041
2314,237,2017,72289.847143
2315,237,2019,83895.739893
2316,237,2016,77224.53425
2317,237,2020,83232.044279
2318,237,2018,75448.663404
2319,237,2021,100982.956278
2320,237,2022,100370.692996
2321,237,2016,80566.368229
2322,237,2019,78879.658988
2323,237,2017,79861.734195
2324,241,2020,1299.782
2325,241,2021,1318.878
2326,241,2022,1420.841
2327,241,2016,1310.080314
2328,241,2018,936.972
2329,241,2017,920.3
2330,241,2019,1129.917
2331,241,2022,1649.682
2332,241,2021,1445.637
2333,241,2020,1390.275
2334,241,2018,1046.168
2335,241,2019,994.095
2336,241,2017,890.4
2337,241,2016,1042.385884
2338,241,2018,1017.55
2339,241,2020,1624.807
2340,241,2021,1841.174
2341,241,2022,1896.705
2342,241,2016,994.615498
2343,241,2017,851.1
2344,241,2019,1330.526
2345,241,2022,1857.696
2346,241,2021,1784.852
2347,241,2018,1040.722
2348,241,2020,1746.424
2349,241,2019,1550.118
2350,241,2017,1450.9
2351,241,2016,1152.618304
2352,242,2022,73558.84
2353,242,2021,64118.07
2354,242,2020,62825.53
2355,242,2018,63287.05
2356,242,2019,62110.43
2357,242,2016,53844.48
2358,242,2017,56426.59
2359,242,2020,51716.43
2360,242,2021,68236.63
2361,242,2022,75528.49
2362,242,2017,56964.89
2363,242,2016,51458.49
2364,242,2019,60963.07
2365,242,2018,63367.8
2366,242,2022,72181.32
2367,242,2021,67733.28
2368,242,2020,58679.91
2369,242,2018,63930.46
2370,242,2019,63597.01
2371,242,2016,55246.84
2372,242,2017,62065.05
2373,242,2020,58412.24
2374,242,2021,71918.1
2375,242,2022,65799.21
2376,242,2017,61178.13
2377,242,2016,54837.72
2378,242,2019,59598.29
2379,242,2018,62371.66
2380,248,2020,3693.363934
2381,248,2018,4178.193965
2382,248,2021,4078.467155
2383,248,2022,4830.826468
2384,248,2017,3269.385654
2385,248,2016,3453.747756
2386,248,2019,3893.406284
2387,248,2022,4664.856518
2388,248,2021,4210.195233
2389,248,2018,4048.417553
2390,248,2020,2662.608736
2391,248,2019,3704.794701
2392,248,2016,3490.169199
2393,248,2017,3520.691863
2394,248,2020,3370.842286
2395,248,2018,3349.660702
2396,248,2021,3848.799092
2397,248,2022,4328.128142
2398,248,2017,3471.167511
2399,248,2016,3034.380772
2400,248,2019,3523.025972
2401,248,2022,4737.402091
2402,248,2021,4551.513844
2403,248,2018,3958.443366
2404,248,2020,4071.85127
2405,248,2019,3812.258617
2406,248,2016,3593.700628
2407,248,2017,3942.82627
2408,249,2021,49912.170192
2409,249,2020,42662.71273
2410,249,2018,43245.483335
2411,249,2022,60068.084019
2412,249,2017,39457.94474
2413,249,2019,44533.731451
2414,249,2016,36280.107859
2415,249,2022,65627.308525
2416,249,2018,43354.562076
2417,249,2021,54965.635491
2418,249,2020,32396.054762
2419,249,2016,38636.359423
2420,249,2019,43830.378803
2421,249,2017,41306.17725
2422,249,2020,43337.904646
2423,249,2021,55934.237669
2424,249,2018,42945.483743
2425,249,2022,62358.099054
2426,249,2017,39487.115325
2427,249,2019,44428.460908
2428,249,2016,34005.190285
2429,249,2022,66118.407868
2430,249,2018,47623.227134
2431,249,2021,64402.414686
2432,249,2020,51241.083172
2433,249,2016,40325.341696
2434,249,2017,44243.382001
2435,249,2019,48040.15054
2436,254,2018,11430.0
2437,254,2020,12236.0
2438,254,2021,13699.0
2439,254,2022,14094.0
2440,254,2017,10367.0
2441,254,2016,7716.0
2442,254,2019,12270.0
2443,254,2022,8762.0
2444,254,2021,16212.0
2445,254,2020,10658.0
2446,254,2018,11824.0
2447,254,2019,12198.0
2448,254,2016,8905.0
2449,254,2017,10279.0
2450,254,2018,11295.0
2451,254,2020,12108.0
2452,254,2021,18296.0
2453,254,2022,10412.0
2454,254,2017,10678.0
2455,254,2016,9250.0
2456,254,2019,12620.0
2457,254,2022,12562.0
2458,254,2021,19866.0
2459,254,2020,14190.0
2460,254,2018,12787.0
2461,254,2019,12966.0
2462,254,2017,11941.0
2463,254,2016,10489.0
2464,256,2018,122938.429393
2465,256,2020,106142.692801
2466,256,2021,112466.534366
2467,256,2022,120688.323221
2468,256,2016,102272.815875
2469,256,2017,106993.533067
2470,256,2019,118943.578199
2471,256,2020,86160.078369
2472,256,2022,125538.195927
2473,256,2021,114573.08354
2474,256,2018,122653.559401
2475,256,2019,114841.927569
2476,256,2017,106351.574524
2477,256,2016,104795.744844
2478,256,2018,124661.358323
2479,256,2021,110336.414103
2480,256,2022,138229.739569
2481,256,2020,95222.646648
2482,256,2016,95540.08287
2483,256,2017,110217.878758
2484,256,2019,107273.335602
2485,256,2022,144978.581962
2486,256,2021,133132.152168
2487,256,2020,112003.518277
2488,256,2018,116186.136425
2489,256,2019,118967.022207
2490,256,2017,117433.606233
2491,256,2016,108247.105087
2492,258,2022,477621.341873
2493,258,2020,392241.199446
2494,258,2021,404146.733484
2495,258,2016,346755.673366
2496,258,2017,372614.643284
2497,258,2019,407997.960293
2498,258,2018,402440.292759
2499,258,2021,436918.71913
2500,258,2022,533523.537343
2501,258,2020,289877.82335
2502,258,2018,427373.995489
2503,258,2019,414945.779808
2504,258,2017,384364.86055
2505,258,2016,363367.532014
2506,258,2018,412451.418874
2507,258,2020,351659.563328
2508,258,2021,433756.837238
2509,258,2022,532799.96021
2510,258,2016,362770.836411
2511,258,2017,381603.564874
2512,258,2019,405601.615065
2513,258,2022,520841.703
2514,258,2020,391156.333009
2515,258,2021,479478.07781
2516,258,2018,421716.545894
2517,258,2019,414615.497771
2518,258,2017,407689.892353
2519,258,2016,378116.660283
2520,260,2018,1726.135
2521,260,2020,1424.64
2522,260,2021,1772.983
2523,260,2022,2372.568
2524,260,2016,1423.451
2525,260,2017,1498.503
2526,260,2019,1637.886
2527,260,2022,3382.709
2528,260,2021,2344.529
2529,260,2020,1704.285
2530,260,2019,2028.004
2531,260,2017,2178.148
2532,260,2016,1942.76
2533,260,2018,2003.877
2534,260,2020,1833.388
2535,260,2021,2779.351
2536,260,2022,3294.248
2537,260,2018,1876.712
2538,260,2019,2093.763
2539,260,2016,1960.742
2540,260,2017,2214.717
2541,260,2022,2187.101
2542,260,2020,1901.643
2543,260,2021,2644.087
2544,260,2017,1997.039
2545,260,2016,1716.028
2546,260,2019,1920.693
2547,260,2018,1890.821
2548,264,2022,995.0
2549,264,2021,885.0
2550,264,2018,7830.0
2551,264,2020,2685.0
2552,264,2016,4410.0
2553,264,2017,8700.0
2554,264,2019,6485.0
2555,264,2020,580.0
2556,264,2022,1070.0
2557,264,2018,8360.0
2558,264,2021,700.0
2559,264,2017,8170.0
2560,264,2019,4560.0
2561,264,2016,7241.0
2562,264,2021,960.0
2563,264,2018,9660.0
2564,264,2022,1540.0
2565,264,2020,860.0
2566,264,2016,7840.0
2567,264,2019,3740.0
2568,264,2017,7890.0
2569,264,2020,885.0
2570,264,2022,1565.0
2571,264,2018,8590.0
2572,264,2021,1020.0
2573,264,2019,2425.0
2574,264,2016,7205.0
2575,264,2017,7200.0
2576,265,2022,89880.681838
2577,265,2021,78467.949764
2578,265,2018,55907.885834
2579,265,2020,63398.259723
2580,265,2017,44888.105597
2581,265,2016,38783.892556
2582,265,2019,58819.302203
2583,265,2020,59366.510055
2584,265,2021,80011.058844
2585,265,2022,97181.185475
2586,265,2019,63743.893319
2587,265,2018,58412.936887
2588,265,2016,43460.047179
2589,265,2017,53250.199223
2590,265,2022,95894.650601
2591,265,2021,82118.904918
2592,265,2020,79775.878481
2593,265,2017,56826.580008
2594,265,2016,46313.184651
2595,265,2018,65229.816855
2596,265,2019,72086.567194
2597,265,2020,80088.290588
2598,265,2021,95331.41774
2599,265,2022,88417.821452
2600,265,2019,69617.87671
2601,265,2018,64148.060891
2602,265,2017,60048.862236
2603,265,2016,48023.692312
